{
  "stats": {
    "n_restarts": 200,
    "certified_count": 0,
    "best_min_gap": -0.06503335922113185,
    "median_min_gap": -0.07008960859375446,
    "mean_min_gap": -0.0704259992781965,
    "std_min_gap": 0.0028719527902544323,
    "in_good_basin": 0
  },
  "gaps": [
    -0.07001640201411585,
    -0.07270995943645708,
    -0.07116734935955238,
    -0.07164788481435935,
    -0.0698182490654311,
    -0.06741644435542038,
    -0.0696499663547594,
    -0.07070806523619999,
    -0.06989475680221147,
    -0.06874210152714033,
    -0.07121707063498017,
    -0.07077232110792586,
    -0.06851241275286357,
    -0.07096562078456525,
    -0.07021194009823373,
    -0.06806760741197615,
    -0.07020014798923957,
    -0.06503335922113185,
    -0.07063886018374688,
    -0.07416248366375933,
    -0.06546980505067279,
    -0.07050909312353149,
    -0.07055739629003033,
    -0.0733132708498172,
    -0.07075371731546887,
    -0.06738125183870469,
    -0.06986913305072462,
    -0.06690943279355888,
    -0.06884999860463026,
    -0.06726212245811469,
    -0.06923154940412779,
    -0.0708702174865643,
    -0.06890082264344755,
    -0.06919655643274014,
    -0.0699842228187939,
    -0.06892063079889943,
    -0.06872737174442145,
    -0.06920088877493424,
    -0.06947945527166421,
    -0.06631870009144225,
    -0.07418418279655525,
    -0.0670536006829141,
    -0.07061276147968654,
    -0.07466962091797846,
    -0.07117949037232796,
    -0.07350973827802254,
    -0.06966191135954847,
    -0.07479891084990964,
    -0.07047986829608432,
    -0.07397945678687701,
    -0.06896752738860146,
    -0.073090549070977,
    -0.07355877165428892,
    -0.06980988567685009,
    -0.06708749273376857,
    -0.06551260767688483,
    -0.0757314308641952,
    -0.06851366338187725,
    -0.07286546084836587,
    -0.06731705747632422,
    -0.07171694305750642,
    -0.06876367614358503,
    -0.06973046855300358,
    -0.06696227748502714,
    -0.06553580357784305,
    -0.07819370107601253,
    -0.06697612202750602,
    -0.06627607949444747,
    -0.07145451203277897,
    -0.0706337180163712,
    -0.07159598851611171,
    -0.0678812872123491,
    -0.07179877562218295,
    -0.07146047617338991,
    -0.07241300134528195,
    -0.06655212200576588,
    -0.07996333737790584,
    -0.07181575605806456,
    -0.07477939218482588,
    -0.07041657088419884,
    -0.06929031663521434,
    -0.0687546970603834,
    -0.06825456155861609,
    -0.06906449788501434,
    -0.07234451667509023,
    -0.06980304295544348,
    -0.06806563749957872,
    -0.07804779042408039,
    -0.06933441894058201,
    -0.06971822143286621,
    -0.07118066709581039,
    -0.07165433258889853,
    -0.07050323510835144,
    -0.06541983767131065,
    -0.07027463854985538,
    -0.07046749120909368,
    -0.06789272720682615,
    -0.07136888068009029,
    -0.07187659699967819,
    -0.06698508306157325,
    -0.06864912657077293,
    -0.07346874419012805,
    -0.07234290810003619,
    -0.06794266601897414,
    -0.07236040902092156,
    -0.07144407705298805,
    -0.07170243226327688,
    -0.0684435612497507,
    -0.0689555837805762,
    -0.06889573694850504,
    -0.06818028127759179,
    -0.07131116121870096,
    -0.06995165313130847,
    -0.07362531632732017,
    -0.06986272196211596,
    -0.06811698556844559,
    -0.06842571480510418,
    -0.06984274444318639,
    -0.0703876775045742,
    -0.07297222493230349,
    -0.07104536049576815,
    -0.0678362583100316,
    -0.06696846939307433,
    -0.06612330504241126,
    -0.07028259323255459,
    -0.07081478311835299,
    -0.072524533628187,
    -0.06891592178853578,
    -0.06895419169118555,
    -0.0684167476650881,
    -0.08403692221784342,
    -0.06640641358931121,
    -0.06942554163416004,
    -0.06920838349044,
    -0.07265112610548874,
    -0.06720890764017917,
    -0.06543064745786054,
    -0.07255674854750738,
    -0.0729873104443195,
    -0.06896097577309535,
    -0.0690738865863636,
    -0.06961278324703168,
    -0.06949931742946736,
    -0.06796248200116328,
    -0.0716344128651305,
    -0.0674326559090821,
    -0.06927362930839576,
    -0.06824266404674573,
    -0.0784305468404336,
    -0.06983286467776106,
    -0.07380786306875375,
    -0.06983843932976574,
    -0.06971204787451124,
    -0.07018683159038774,
    -0.072718872555662,
    -0.06929225896500868,
    -0.06805650410201358,
    -0.07340591285756082,
    -0.07172754038188045,
    -0.07028771047986404,
    -0.07238119112056807,
    -0.07202127262034796,
    -0.07427829672234365,
    -0.07499887752797219,
    -0.06762798243909263,
    -0.07194890866150483,
    -0.07391648766181813,
    -0.06731348612795718,
    -0.07016281517339307,
    -0.07212988709230439,
    -0.08103997354907011,
    -0.06620051875922028,
    -0.07068118434073956,
    -0.06930046142574442,
    -0.0697178879592446,
    -0.06827575653041706,
    -0.06672529739815736,
    -0.07223554541136545,
    -0.07228573772936775,
    -0.067647890127986,
    -0.07457775873140093,
    -0.07503253098687579,
    -0.0704613613995353,
    -0.07110010227357555,
    -0.06951235242247478,
    -0.07148754275020752,
    -0.06691722039099379,
    -0.07192916593952758,
    -0.07347588648510639,
    -0.07262977933107506,
    -0.06685109386472621,
    -0.07520701475636216,
    -0.06740712190699849,
    -0.0692020533058606,
    -0.07464323485432778,
    -0.0725258703763414,
    -0.07184998246078456,
    -0.07105340289404416,
    -0.06892590126153242,
    -0.0707911007890647
  ]
}