{
  "D5_plus_1": {
    "best_gap": -0.06321452856687815,
    "certified": false
  },
  "D4_plus_17": {
    "best_gap": -0.039001631965189576,
    "certified": false
  }
}