{
  "stats": {
    "n_restarts": 200,
    "certified_count": 0,
    "best_min_gap": -0.03635001115773018,
    "median_min_gap": -0.0366549492005922,
    "mean_min_gap": -0.04014962302106528,
    "std_min_gap": 0.005251511893895233,
    "quantiles": {
      "q10": -0.04783057353405251,
      "q25": -0.04466958283798378,
      "q50": -0.0366549492005922,
      "q75": -0.03656299848688016,
      "q90": -0.03649121796472787
    },
    "in_good_basin": 133
  },
  "gaps": [
    -0.047990274994618165,
    -0.03656137866159459,
    -0.03648016469668813,
    -0.036605652760458796,
    -0.03653563194579368,
    -0.03648500816459399,
    -0.04765964199664863,
    -0.036616900316943646,
    -0.03647015215789362,
    -0.036566111915761645,
    -0.036563397614214566,
    -0.04393898666826934,
    -0.04497242930546941,
    -0.03646530591151942,
    -0.03667433399138753,
    -0.036630194950015404,
    -0.036726868976537874,
    -0.04730593425077778,
    -0.03668427606516911,
    -0.03653566877689607,
    -0.03659319519314708,
    -0.03650840389709886,
    -0.03656139267081637,
    -0.05297030894756327,
    -0.036695926603721896,
    -0.04454130522961619,
    -0.036596866052923005,
    -0.03659495612700936,
    -0.03652676693534418,
    -0.03645433182452318,
    -0.04766727875162058,
    -0.04438507484037313,
    -0.036577239184101495,
    -0.03672644071585163,
    -0.03673039874706285,
    -0.047873321265756275,
    -0.03654050871880754,
    -0.03649134249916619,
    -0.05625833826160975,
    -0.04739131426029686,
    -0.047892428578671487,
    -0.036552058659797604,
    -0.04462143439166,
    -0.036496678133140836,
    -0.036648129774374594,
    -0.03665710102462083,
    -0.03666142895627389,
    -0.03675488055582443,
    -0.047911064393068026,
    -0.04753126028863375,
    -0.036672818424769105,
    -0.047827779824942684,
    -0.03669265910106345,
    -0.036677900382124484,
    -0.03659350945948292,
    -0.0364406261045267,
    -0.03653016854115454,
    -0.047382587240182295,
    -0.03664643694921965,
    -0.053719826043548746,
    -0.036479674030425624,
    -0.04449770790415086,
    -0.03645011497843331,
    -0.036616135980684694,
    -0.036590485018123564,
    -0.036646755168274536,
    -0.04454892653972009,
    -0.03656907174420598,
    -0.03669791615594886,
    -0.036653362022331715,
    -0.03663920546070698,
    -0.047331651743435676,
    -0.036659649597555966,
    -0.03671199747461862,
    -0.04915636382462307,
    -0.04452985948041355,
    -0.03660848795322735,
    -0.042188175566199915,
    -0.03666674886789245,
    -0.0364633606625997,
    -0.036729829987481866,
    -0.03653642287006886,
    -0.03661671995772764,
    -0.0365303212715431,
    -0.03641205746988119,
    -0.03665399031946337,
    -0.03660456897427489,
    -0.04805214521009171,
    -0.0365983667739771,
    -0.04364007878213183,
    -0.043912854015468517,
    -0.047626900209835066,
    -0.04777850053419175,
    -0.036599706658728914,
    -0.04729805108533869,
    -0.0366934673104089,
    -0.03661151710357746,
    -0.03670199709041366,
    -0.03663429470252644,
    -0.036751398145314695,
    -0.047517874976039876,
    -0.03641603926689596,
    -0.03668603742108689,
    -0.04757466049363579,
    -0.03660133277481026,
    -0.03654821367938177,
    -0.04759204703015185,
    -0.03653525219371523,
    -0.03662526258127241,
    -0.03668517608784372,
    -0.043869330536689066,
    -0.03664760220621743,
    -0.03649009715478302,
    -0.04748170147995734,
    -0.036616837768777,
    -0.04366966342971801,
    -0.04306668380595968,
    -0.036532852767222845,
    -0.036487665953172765,
    -0.04472627692430953,
    -0.03667933463674822,
    -0.036552917521951,
    -0.036607351527891296,
    -0.049430458182848636,
    -0.05199023842085193,
    -0.03649568704590278,
    -0.03645553227124676,
    -0.044858792718335705,
    -0.03664408458730417,
    -0.03669938293969999,
    -0.04777800976132873,
    -0.0364006684657987,
    -0.052292183901679,
    -0.036655908081721034,
    -0.04465068480920853,
    -0.044782413184341285,
    -0.036645828104115985,
    -0.0366447654799833,
    -0.036537242860438024,
    -0.03660601357762183,
    -0.036561801104876945,
    -0.03635001115773018,
    -0.04785571691604096,
    -0.04758783736563332,
    -0.036561054410203075,
    -0.04745249513834948,
    -0.036539761978021223,
    -0.03653096618664575,
    -0.04736203207014911,
    -0.03651001403038312,
    -0.04790700921364599,
    -0.036503629990289,
    -0.04746817469933329,
    -0.04460141686810282,
    -0.036633333747205565,
    -0.03663424841969265,
    -0.052252454224011036,
    -0.03645567712692732,
    -0.03650181380665818,
    -0.03668761943496457,
    -0.03659929611926893,
    -0.036676329050763457,
    -0.03675138160212499,
    -0.048616187088610596,
    -0.036617214309078605,
    -0.03650806359454384,
    -0.03651939952354466,
    -0.04432950831944216,
    -0.03664445892489554,
    -0.03660585955764706,
    -0.04737603743441787,
    -0.04747567104416417,
    -0.036692422563220806,
    -0.036698577966129964,
    -0.04722536869661331,
    -0.0366502986321835,
    -0.049550272599642176,
    -0.04753976765657275,
    -0.03647605841373025,
    -0.03670651262516267,
    -0.04281844113150157,
    -0.036613712661678344,
    -0.03664485862127842,
    -0.036626881141429424,
    -0.036393821957964034,
    -0.03649435520327238,
    -0.05177300380050531,
    -0.036594679059219315,
    -0.047473744996402445,
    -0.036696673633077825,
    -0.03661179395497527,
    -0.04747935140536064,
    -0.03663421090990182,
    -0.036632268118915956,
    -0.04932699208435176,
    -0.0366721055756436,
    -0.0481306803592918,
    -0.03659657741579858,
    -0.036468449226660926,
    -0.03649550241378896
  ]
}